fixation_duration_mean,saccade_duration_mean,yawv_min_head,pitchv_min_head,yaw_max_rwrist,pitch_mean_rwrist,pitch_max_rwrist,pitch_min_rwrist,linv_min_rwrist,x_max_acc,x_max_gyro,y_mean_gyro,y_max_gyro,z_mean_gyro,z_min_gyro,label
1.0760516666666669,0.02379909999999998,0.022108911516373127,0.021982004165930814,0.52250344,-0.3057848584615384,0.6114863,-0.6110363,0.0373735998075119,10.969935978494624,0.7723026186984127,0.018055581359772022,0.3530552511111111,0.06426008625482105,-0.7749869203492064,0
0.3594592500000001,0.021473433333333482,0.008119484143852237,0.022432806857152078,0.42869443,-0.05664828165154263,0.7221468,-0.6207688,0.04386082034795386,11.780031365591395,0.7479145677460318,-0.03852139048641455,0.43160452377777775,0.01991518713821281,-1.5006048711111108,0
0.2511276624999992,0.022591026938775488,0.008837568733095791,0.005225491365275782,0.5261139,0.3591542789767442,0.8153641,-0.60909116,0.034530066741351416,12.28669355913978,1.3239653812698413,-0.037000860562124246,0.9693682838095237,0.04221625418536815,-2.433213043174603,0
0.19761558571428445,0.020964462162162127,0.01344734341503492,0.006873401704136614,0.53037304,0.25894734852233675,0.6924314,-0.60948056,0.014604675639144396,10.572670537634409,0.8766931478412698,0.010740959298839016,0.7396405629206348,0.07531712942478315,-0.3751887377142857,0
0.23723503749999963,0.019765408024691327,0.009361860002685662,0.03853721325576488,0.41198942,-0.30917431604395607,0.69931906,-0.67478657,0.022394632811085526,10.800493908602151,1.0484276668888888,-0.089501466191244,0.5346130402539683,0.0917861960727282,-0.2806840698412698,0
0.3829587727272742,0.02289753571428547,0.006081476753386202,0.003959109943884995,0.4161542,-0.3826116863968254,0.89471686,-0.6589665,0.01139473977447769,10.1163743655914,1.8097757304761903,0.0034177545689847363,0.37299329152380956,0.07727103360991126,-0.976316109142857,0
0.3353922999999999,0.023822228806583745,0.0034054418112098596,0.009867035832387131,0.43832597,-0.1233654941142857,0.7808951,-0.5675651,0.011231487750814914,11.36394857526882,1.8826009974603177,-0.037069689872596845,0.2669419655238095,0.024901838079162603,-0.6774945525396826,0
0.28634369999999976,0.02233761999999924,0.014666436742850768,0.0354185948669277,0.45405555,-0.024523112355371905,0.80999035,-0.57942057,0.045026983089519856,11.593866010752688,1.2595507885714285,-0.05113231194151282,0.5495976394285715,0.1449321828062867,-1.5668598714285713,0
0.28529922999999824,0.024872373118279056,0.0015970866705011715,0.007197211741609483,0.53525347,-0.282442989821883,0.6396227,-0.61440057,0.03253308636020561,11.453045795698925,1.4157524765079366,-0.0025136405238530596,0.3033328514920635,0.09259006150475929,-0.4642014503174603,0
0.2954829833333328,0.021723256640624744,0.006595063315611569,0.0024924321730269553,0.5034176,-0.12871496640977445,0.78483194,-0.55616826,0.0168105733615379,11.501599763440863,1.9521430879365078,0.04369157494314081,0.9294696231111111,0.014803133571276076,-2.231295156190476,0
0.26173160000000245,0.020724124999999368,0.008738053312178752,0.012875452708404077,0.45434743,-0.23919433948948945,0.63824636,-0.5814365,0.04418209502166336,10.907160381720432,1.7722303352380955,0.04302625300390263,0.8058478766984127,-0.05645542872512731,-3.3369583447619044,1
0.4227042777777786,0.021805439572192165,0.015099128423006402,0.02264959017575482,0.49693424,-0.16662129470225873,0.6520578,-0.5754128,0.020291621990427437,11.107139596774193,1.0539428246031746,-0.021189988901495545,0.5304944185714286,-0.042539439023813755,-2.222488375555556,1
0.4756397800000002,0.022166707964602204,0.011925238128172706,0.0108784343918335,0.42380187,0.1321646643280182,0.81726915,-0.58643454,2.1050894499499837e-05,11.125685145161292,1.066955885936508,-0.059107730026501985,0.4482677506984126,0.01851665904240259,-2.122573266031746,1
0.6444414428571434,0.021865209803921433,0.045412927592427176,0.010334518001800509,0.48526,0.34957502618374564,0.82102764,-0.42969003,2.8956131277335646e-05,10.33808427419355,1.3678276993650793,0.09859310936401605,0.7353728193015873,0.030373505470325756,-1.429881067936508,1
0.2663117384615379,0.025341974615385253,0.009672463291801532,0.015106354093084426,0.44512337,-0.01581140769230771,0.92017,-0.5967814,0.011179073933932882,10.732070338709677,3.1277361504761907,-0.04429547776838507,0.42748823304761907,0.06244738290612838,-1.890858727301587,1
0.3122122000000047,0.01777236350711,0.00516115017692567,0.013415750755278762,0.4937346,-0.3524779348595506,-0.03858642,-0.71441007,0.045879555018075606,10.647860860215053,2.111133574920635,-0.040649043348059306,0.38604031060317456,0.047221632198194856,-0.8123554246349206,1
0.35340067500000316,0.015408683453238637,0.010730425271733663,0.01563596116815248,0.45367506,-0.1707608181341108,0.7900393,-0.703871,5.023107072980495e-06,11.767953505376346,2.3338427365079366,-0.014663019779328105,0.39082617726984126,0.08757001885403941,-1.190625525015873,1
0.28633273333333403,0.017127217241378327,0.027670187886927086,0.03159435926952176,0.4517803,-0.0795514177118644,0.86250734,-0.6277767,0.2342768687466639,10.880048586021505,1.4792434380952382,-0.09648540615952635,0.518180764063492,0.15520849248560642,-2.0087856603174603,1
0.36351104999999606,0.018100590049751324,0.01055691031338523,0.006266876209923814,0.4504753,0.01689965153846155,0.6311217,-0.5796344,7.160146819630437e-05,12.547611010752691,3.7575483952380955,0.006109364241574092,0.3750371980952381,0.07968719451914914,-1.6087252926984126,1
0.6121191500000009,0.019168172169810732,0.005936931112762485,0.007338573284017961,0.42159,-0.10564430334913112,0.9723137,-0.7572138,0.02001678437472475,12.192261086021505,2.8118340453968256,0.03200186272911506,0.3564061233015873,0.045981685663155,-0.7358112432698414,1
0.1673245833333333,0.02562171794871789,0.008146233251858495,0.020396559469349665,0.2145438,0.15904297825581393,0.9590248,-0.64453626,3.0551773108858066e-05,11.91655430107527,1.20594992,-0.022463395139088394,0.500180866984127,0.06356958120536388,-1.0202531415555556,0
0.21359963636363608,0.02461767300380222,0.008146233251858495,0.025038924828921102,0.35424122,0.23878100663636362,0.9590248,-0.64453626,3.0551773108858066e-05,11.91655430107527,1.20594992,-0.0858137673266545,0.9231559587619048,0.08180181920075565,-1.0202531415555556,0
0.29097232499999937,0.02387432402597404,0.021113630801727266,0.02095322250178537,0.52387905,0.09623246869209809,0.79764605,-0.6518219,0.024674809285120742,12.2997916827957,1.7945735514285712,-0.08281362596852498,0.8160003229841271,0.0031230308311093005,-2.288016754285714,0
0.29097232499999937,0.02254338000000001,0.021113630801727266,0.02095322250178537,0.52387905,-0.08469183095588233,0.85492885,-0.6518219,0.024674809285120742,10.838150741935484,2.056458528571429,-0.07371741960190266,0.2987120786031746,0.1492201128377998,-0.18922948044444443,0
0.3082489800000001,0.021737303333333267,0.03613792635288579,0.04528791853324025,0.8185164,0.1341198495588235,0.81391203,-0.40002218,0.05420287655640527,12.567667064516131,0.5438063973333334,0.12372602096027445,0.3662994973968254,-0.05826748569312168,-0.5034651004761904,0
1.2577149399999996,0.021991355307262466,0.023318227095490165,0.040043624213533455,0.38898674,-0.30993379933333337,0.8475727,-0.7042749,0.0005217754903425715,12.039470913978498,0.791339285079365,-0.04337069578281262,1.068304402952381,0.19619546105191993,-3.211661092380952,0
2.607002099999999,0.019251355900621082,0.00496482490439628,0.011410676049835021,0.7460954,-0.26421230316397226,0.43716013,-0.64408016,0.0005217754903425715,11.974151167741937,2.569119474285714,0.0029899669414783195,1.3522322475238095,0.06741873318030493,-2.566623858730159,0
1.3675384000000008,0.02509278235294107,0.06659729737662837,0.0637191411562829,-0.33369282,-0.11136391749999999,0.17685269,-0.40331686,0.05171332748613125,11.285167258064517,5.865386821904762,-0.048116947544832596,0.2576613114603175,0.013549738860303763,-0.7610649444761904,0
1.9406645625000012,0.01976607605633818,0.006490352230927842,0.012310030766823625,0.6063009,0.3447425423913044,0.8599708,-0.6101912,0.05934283573958341,12.829780741935487,2.8392303161904766,0.028534145573572145,1.0289114358412697,-0.06924396643179456,-2.9702507403174603,0
1.9753459625000005,0.022628389189189246,0.016327405839859137,0.0072743592940157685,0.4968479,0.03645979564564567,0.851058,-0.84485906,0.015698770099213236,11.996086247311826,1.136606016920635,0.02461940822793856,1.2487901428571428,0.007494753328986599,-0.9275170526666667,0
0.47014555000000274,0.02203432025316439,0.028573513230497165,0.03199438712713996,0.53465444,0.33158894151202745,0.8943845,-0.7792046,0.0005090030307657947,11.241996231182798,2.349130666984127,0.024428113077695133,1.0383239160952382,-0.024308732598761967,-3.531743804126984,1
0.6353695375000008,0.022554426582276597,0.004329179494970913,0.0066689086471078485,0.47277987,-0.07998097875862067,0.7553637,-0.7060882,0.05124045858274762,11.706552731182795,1.6377803342857142,0.02848148839089829,0.6010262487301588,-0.025373441447288664,-2.013594002857143,1
0.4446297750000099,0.02036479444444339,0.010289460368677587,0.027651591004169092,0.37724426,0.3963735632369942,0.87706053,-0.416178,0.02401417755931293,11.86687355376344,0.868917196126984,-0.07479907874110354,0.43319987679365074,-0.15442673853693123,-1.0985208533333333,1
0.3000045666666722,0.02711299599999734,0.028829838800986572,0.019339045302492777,0.08493503,0.19933710349999997,0.63216287,-0.33319646,0.12016685841886249,11.727881043010752,1.167538318095238,-0.017981470440192018,0.7136193770793651,0.025612675868001908,-1.7008211685714287,1
1.0321794800000077,0.023687100000000634,0.013159830423942764,0.006806508641177693,0.46554512,-0.14393337588235294,0.81571287,-0.5935149,0.1367326523120519,11.441911424731183,1.2219216765079366,0.07236693844538658,0.4313971726984127,-0.07555580507105035,-2.0946158025396824,1
0.3863332000000028,0.025573609259261595,0.01925612085384036,0.010278270778909762,0.6118839,-0.017649611255411247,0.831004,-0.65554404,0.028758310424770017,11.515589661290324,2.7519793965079367,-0.15207113282638346,0.5199079216825397,0.002877926840238156,-2.4884340301587304,1
0.47874867692307205,0.023502980799999705,0.029294056020403157,0.005084664156299695,0.4481972,-0.20748148850210973,0.5538418,-0.62459105,0.024103408996834774,12.413028489247312,2.2230014663492064,0.012035552664305452,1.3670104212698413,0.04132915403563234,-2.5951499777777776,1
0.2333370000000059,0.026667091999996728,0.007969625435379124,0.02598490821772578,0.24547613,0.2516703911111111,0.83019644,-0.23978947,0.05110324369058013,11.197079451612904,0.8181043743174603,0.001957028248384388,0.33346312022222224,0.036521805460935745,-0.2883651933333334,1
2.019363675000008,0.037524249999999405,0.008088560645091695,0.005464049119791992,0.35560942,-0.09880908059113301,0.7728151,-0.73769766,0.012478737701496677,11.875836887096773,2.5905379326984126,-0.07263803597633611,0.8062585202539682,0.05965398433020164,-2.1786021901587302,1
0.2500037499999763,0.029188225581396086,0.02124016795978751,0.03560674200642066,0.39677602,-0.2256160676751502,0.67700756,-0.8169437,0.019067667014794787,11.646943112903228,1.8840506739682539,0.07045825760735269,0.6422416173333334,0.0026934200718145137,-2.26082281015873,1
0.36504909999999935,0.02504687692307695,0.004725525854415629,0.019083904096762166,-0.00844295,0.7905556,0.7905556,0.7905556,,11.607937069892472,1.4401579695238096,0.044011310412411596,0.7927374955873016,0.08401999517383758,-0.9531991320000002,0
0.27423402857142876,0.022292569523809567,0.024116691142747917,0.028196750040347975,0.0,0.0,0.0,0.0,0.0,13.077296827956994,1.7648789212698415,-0.13082638000603397,0.5691420421904761,0.04356608803361156,-0.7237028676825397,0
0.27484171666666707,0.0248050773109244,0.022350542964893694,0.01780808349338769,0.0,0.0,0.0,0.0,0.0,11.307456376344085,1.1719470857142855,-0.023089375713489003,0.8197258988253968,-0.18585560786885083,-2.2420880104761904,0
0.2359499000000008,0.025438273626373575,0.02213245656395996,0.05526696418855719,0.0,0.0,0.0,0.0,0.0,10.716404838709678,2.246797013015873,0.15250522764104224,1.2627279453968254,0.3515982238204781,-1.1235763568253967,0
0.24085420000000113,0.019790108403361404,0.018437662733699574,0.07002574303877213,0.0,0.0,0.0,0.0,0.0,11.011394543010752,1.6620036609523812,-0.020439011355164727,1.0136698246666667,0.17839442563008595,-1.1994285574603176,0
0.1797367000000012,0.024526062820512833,0.03406385205615371,0.00464997057622985,0.5028839,0.141482822,0.769071,-0.79823744,0.15001798525773674,10.484919102150538,1.7794776346031747,-0.016496127261765626,0.6936026292063492,0.20612747299827186,-0.912578132952381,0
0.912963400000001,0.02234715389610372,0.020804561549887485,0.018915716112529367,0.0,0.0,0.0,0.0,0.0,12.563949338709678,4.9530547885714284,0.007058694393552651,1.1330295595238096,-0.008275513856523658,-1.8389696171428576,0
0.1797367000000012,0.022433708799999893,0.020804561549887485,0.04563678480993834,0.0,0.0,0.0,0.0,0.0,12.563949338709678,4.9530547885714284,-0.002479370719429352,1.1330295595238096,-0.0034129293360845698,-1.8389696171428576,0
0.912963400000001,0.01979934022988486,0.015243933929986037,0.01405809386750217,0.29737118,-0.04878273847200001,0.04955757,-0.24426134,0.07978091483544554,14.725265005376345,2.7436041736507937,-0.023702126722684916,1.035434899047619,0.1259633153878006,-1.1381471144444444,0
1.0235612750000023,0.02882385952380942,0.032985770073880365,0.03894324518348868,0.66048664,-0.23380662365296803,0.4893866,-0.5903201,0.024323816421378257,12.382078702150537,3.0772415876190475,-0.05946495470590531,0.4449255167936508,0.1268791430611884,-0.7554408154603176,0
0.3000060000000033,0.022452247058823902,0.08862677708010736,0.008364294834091353,0.28634208,0.42545645464285714,0.7320644,-0.6555289,0.00852073354354991,10.628042924731183,0.7456678681269842,-0.006818187546171025,0.7267435617777778,-0.10293531745789941,-2.006111033015873,1
5.3066895999999915,0.02800113414634249,0.04483391245508931,0.013381702935943604,0.0,0.0,0.0,0.0,0.0,11.820719026881722,0.9331201723809525,-0.03253731642379213,1.350394854920635,0.09604505252504834,-0.7272817435873017,1
,0.019935422000000074,0.024994808609145533,0.015883154588968797,0.0,0.0,0.0,0.0,0.0,11.191996620430109,2.276290584126984,0.01771998383392138,0.6163093196825397,-0.060470724460818845,-1.1196806695238095,1
0.15947950000000333,0.02506752352941031,0.07095113353079194,0.18948252444254116,-0.37892112,0.2195368,0.2195368,0.2195368,,11.375322064516128,3.3599701777777775,0.15208198394702485,1.0203391875873016,-0.0314164141615108,-1.6808462199999998,1
0.5666755000000023,0.029578266666667394,0.07525976788583681,0.04256282100972121,0.0,0.0,0.0,0.0,0.0,11.923623500000003,1.4773283749206352,-0.037967130980502126,0.4323544646984127,0.1977148575430439,-1.0390906853333333,1
4.214280066666665,0.015893500000000123,0.058562241125353146,0.08083282999319369,0.0,0.0,0.0,0.0,0.0,11.11602720967742,2.9494829330158727,0.03352231058152939,0.6184434908253968,0.09531852207087238,-1.8277030930158729,1
0.20753250000000634,0.02235932500000004,0.02856587396565925,0.03075828922822959,0.481366,0.2312754376947826,0.7040414,-0.01948657,0.0008984037856749836,12.878933543010747,2.8684894974603177,0.046744012130929345,0.7790051753650793,-0.037490763849993156,-2.011577385396826,1
0.19109324999999444,0.01462012105262925,0.031902508289395774,0.06808705125941257,0.0,0.0,0.0,0.0,0.0,11.276098666666666,2.7391829117460316,-0.12143335781571243,0.42686707701587295,0.2559346405628631,-0.44265706272020316,1
0.3043809500000047,0.019661721212123735,0.01378394292335823,0.026668208796533945,0.24099422,-0.04252331386666666,0.03430229,-0.20978165,0.0582851031969848,11.328101118279568,5.1823343203174606,0.017941514738212514,0.7516104953650794,0.012362366421366105,-1.226230121904762,1
0.28650369999999725,0.02311941304347566,0.039379222742801194,0.036144889458844476,0.38790864,-0.1342370590225564,0.55909973,-0.40814406,0.06806646108607152,12.910631516129035,2.619378754920635,0.034569485354435756,0.7735769402857142,0.05663635443358254,-0.9153468749523811,1
1.2632665333333335,0.0,0.005149656033306993,0.008104167673452563,0.65533096,-0.2483338811157025,0.98967654,-0.9308289,0.0009784046010329328,10.452614182795699,1.2391730476190477,0.017335684555623718,0.30741846196825395,0.06421981525715607,-0.35091173146031746,0
1.9000292000000012,-0.2000031,0.013120939330350285,0.009419855298223022,0.65075934,0.17059641166666667,0.691926,-0.60398537,0.06390612791001286,12.648965365591396,1.1212843786031745,-0.042478508849030094,0.7544892751746032,0.043460119933899845,-0.8244744867301588,0
,0.0,0.024214902359030493,0.03800080050935007,0.25515333,-0.5014611161363637,0.6747951,-0.6545288,0.1988200370892328,11.215006161290322,0.6036814064444443,0.004181625833091836,0.4404990906349206,-0.020416805512012665,-1.224408644031746,0
5.000076800000002,0.0,0.03784328114609042,0.04224335503495645,0.6906392,-0.20866372600000005,0.34229338,-0.842308,2.0614394132441066e-05,10.32697426344086,3.0100862974603175,0.00018744497630574736,0.36588585019047615,0.0833783576433592,-1.0755344996507936,0
1.9000240999999995,0.0,0.01936483228259652,0.016380319982220795,0.63579655,-0.19123047864864867,0.74898195,-0.7294016,2.203396830380068e-05,11.394080198924733,1.3601564326984126,-0.12434859909986709,0.6008934912380952,0.10052126149333379,-0.48948913819047624,0
3.0000547499999968,0.0,0.006945555817932897,0.008633218245165846,0.57139236,-0.4566395087619048,0.5031532,-0.87134135,1.9073096156705725e-05,10.68144173655914,2.7028076123809526,0.019309755512541393,0.33993590155555553,0.09917208548308601,-1.3071761520634921,0
4.400066950000003,,0.010733303996162387,0.016573496428126822,0.7427347,-0.12297736621621623,0.71346486,-0.64326847,3.408956488328823e-06,13.259641086021507,3.0233234501587303,-0.05513946188154578,0.7059190465396825,0.037939545418364834,-1.151338921904762,0
3.2000487000000106,0.0,0.009783749747841627,0.06244864730861409,0.6367518,-0.222190852037037,0.47079408,-0.7669248,0.001156062308658949,12.541174510752686,2.3463291968253968,-0.032392239553172573,0.2955324538095238,0.13331560774733275,-2.5315194844444444,0
0.1607217333333324,0.01618261513513515,0.0070774864276667735,0.0005167435555692471,0.66827476,-0.10000308573891624,0.7311033,-0.706984,0.03637168698052805,12.065977586021503,1.6105084282539683,-0.005255908864001553,0.46622652269841275,0.08531051835760624,-1.0590117829841268,0
0.17777744999999356,0.020268561714285545,0.009906171963682799,0.012224148502017588,0.7767142,-0.08430638727564105,0.7961357,-0.6935673,0.002883658227910525,11.571472618279573,1.9807799006349205,0.03335786496015575,0.6333839888888888,0.07345916758265077,-0.960906517904762,0
0.20370609999999564,0.028291441758241363,0.01760455599070344,0.02714630667174862,0.5544903,-0.37213474598984775,0.6158575,-0.6681618,0.06820646157553113,11.466069549462368,2.3810703834920637,0.0003900521296516579,0.5976645823174603,0.07179608476312357,-0.6746039138095238,1
,0.028107661538461077,0.013830244393829336,0.0952365912790808,0.21296245,-0.29307905618421054,-0.02897584,-0.47483584,0.32766004473789456,10.232437360215053,0.6369036494285715,-8.331783501056093e-05,0.5543840799365078,-0.016381310445920998,-1.0383924783174603,1
0.2630697000000026,0.019342442657342918,0.012500257216152366,0.012819252749308358,0.7224572,-0.223375582010582,0.422603,-0.47956476,0.0010816079424595551,11.023252559139785,0.7760757644126983,-0.06583796709125282,0.5718247673650794,0.05144940122288406,-0.8925649463809523,1
,0.02071301741573027,0.015168472948741542,0.014571969207510669,0.7045509,-0.22834855780701757,0.63790274,-0.7004291,5.345288896341143e-06,10.631812731182794,1.1332487377777776,0.016140275543543667,0.2793544036825397,0.05645955266257299,-0.7674563877460318,1
0.20390640000002236,0.022150719867549386,0.03998644815226099,0.01860892105924641,0.41261178,-0.365252059868421,0.7522768,-0.74146044,0.1111464404793357,11.297989247311827,0.9383809753650797,-0.09670675384019344,0.9878770793015873,0.08873557366640235,-0.5869139265079365,1
0.22417725000001099,0.019270931746032175,0.02981472170244742,0.016815565673454286,0.58136594,-0.2576631991549296,0.5137668,-0.6392457,9.292781126038889e-06,10.266851822580644,1.710671940952381,0.032120035358010536,0.4203473288888889,0.08880187335195809,-0.7882255436190476,1
0.2592677666666627,0.01809618298969103,0.014965458080501846,0.014802143787830797,0.69987506,0.1383376059363958,0.8615695,-0.799231,1.586163951076601e-05,11.87389712365592,1.8972312114285717,-0.03862538473552477,0.3011941187301588,-0.0025799935451993154,-1.1290723787301586,1
0.28432197499999745,0.025377434782608222,0.013308470159376218,0.0031160482184454524,0.67610186,0.4591483648430493,0.6980163,-0.25834543,0.04047268991708012,10.51814597311828,2.8097381666666665,-0.026022039414705017,0.6961144093015873,0.10978935739574763,-1.2045703576825397,1
0.2222254999999933,0.0245005134920645,0.007205715391080841,0.008323031042348,0.6298064,-0.21783360086761905,0.676898,-0.7486068,0.05391136447877678,11.486848747311827,1.3793380546031746,0.042715414121337225,0.9291490806666667,0.012140293297574076,-1.3100197003174603,1
0.2906043666666657,0.020221594285716345,0.00818479784229488,0.006269858696780596,0.63960683,-0.057494106735395185,0.63708305,-0.6119097,0.1030467808962328,11.734296209677419,2.520173636190476,0.07167689242789908,0.46255630669841263,0.0257734492206586,-1.0109857761904761,1
2.1297580799999993,0.01852892812500001,0.004737828339261029,0.0044262127572741545,0.5655595,-0.17298544683615819,0.36336744,-0.3658738,0.01173736234644028,12.38646651612903,1.593863580952381,0.006284224159520812,0.48723052403174605,0.027117479055580523,-0.3809533513333333,0
0.960437172727273,0.020461396456692735,0.0045868370940108155,0.005805441983298905,0.4656333,-0.07129950868005738,0.91432476,-0.8827498,1.1096438482824885e-05,12.144213623655912,0.8966169393333333,-0.03431962212304696,0.4133207399047619,0.02821375257114142,-0.9221846018412699,0
0.24649660588235384,0.022159999999999472,0.009236036465558187,0.014211085837005312,0.5046206,0.1366923246124764,0.7653036,-0.7002404,1.663917690179522e-05,12.4884393655914,1.2501713517460318,-0.0066924897140762446,0.6560376813650795,0.015000366104993569,-2.2656037828571427,0
0.2486584111111117,0.020291996987951113,0.013397180533381275,0.014211085837005312,0.5046206,-0.05058348464285712,0.61995876,-0.67495304,1.663917690179522e-05,12.4884393655914,1.2501713517460318,0.001743072071557315,0.2796184832380953,0.052685236707925256,-2.2656037828571427,0
0.23603670000000107,0.024942585999999142,0.040318682166375325,0.005767903299211193,0.19667627,-0.5496854262450593,0.8236272,-0.90915775,7.401811905737452e-06,10.816466091397851,0.7793542305079365,-0.0697637553801464,0.2312173086031746,0.05220181013953698,-0.42500456695238104,0
0.19537018571428785,0.02247019918032729,0.01437683237174602,0.003956646436822757,0.4336278,-0.5076977139393939,0.54613113,-0.62540865,2.041743467725564e-05,10.768028548387099,1.9621670501587305,0.03240529794609656,0.40617388092063494,0.0532834953695992,-1.1287550514285714,0
0.19067947142857275,0.02399903063063039,0.0065400560507143796,0.0066788741248707765,0.0,0.0,0.0,0.0,0.0,12.955123779569893,3.074706023492064,-0.05269737699244709,0.41653580828571435,0.05068016323418032,-0.5637100877142858,0
0.19772471666666766,0.022672406790123455,0.0338216550978788,0.0067264273112414555,0.5629824,-0.011655213421052631,0.07965449,-0.17620848,0.09772834858397389,13.076205544086017,3.0110953831746032,-0.0408404416373617,0.3184145777142857,0.18503706057032196,-0.8008694203492063,0
0.24215539166666625,0.02354818368055521,0.00534523890707768,0.006466743270674794,0.10831538,0.4789625701859504,0.8837567,-0.856211,0.010613168050298055,12.652262521505378,4.377299390476191,-0.011328367392107599,0.3464812379365079,0.036103063175849014,-0.576333203904762,0
0.26749334545454606,0.0255095913513511,0.00498989647657693,0.0032531993923929883,0.33907178,0.41993590593495933,0.96420705,-0.63408613,0.007825639211440411,12.485924112903225,4.174182052698413,0.019643154318168966,0.786032142920635,0.017428412917889605,-1.0123854318095236,0
0.33088793333333893,0.021721551301114965,0.003751743136051892,0.00814201122308452,0.32440874,0.5381232831070496,0.9187039,-0.8013014,0.031404511290473745,11.717756688172045,2.7854929412698413,0.02541355600783338,1.1559813184761905,-0.010752401867593742,-4.358911347619047,1
0.2899986636363627,0.018357667507001987,0.0020145164433906276,0.006137155494618009,0.0,0.0,0.0,0.0,0.0,11.462540048387101,3.9930715288888896,-0.029134420174109475,0.5434229483809523,0.013196715680453365,-0.5523528842539683,1
0.35407652857142446,0.01802461133004901,0.002819605464496947,0.0014521388979356583,-0.47431847,0.6670605912303422,0.7867615,0.3621581,0.00421966360844968,12.09439709139785,1.5049919012698412,-0.02448859490488112,0.649326183047619,0.004275949341225324,-1.6754873307936509,1
0.4989710899999949,0.02021631363636438,0.00962441610433747,0.008330605116946228,-0.7121573,0.66731215,0.66731215,0.66731215,0.42955723114315025,10.74180535483871,3.1747568104761905,0.035830142738572886,0.48675519768253966,0.05004679755371203,-1.6501330130158731,1
0.20395099999998934,0.014231057874015924,0.02370733707243095,0.012397929819252433,0.0,0.0,0.0,0.0,0.0,11.208823887096774,1.2077135679365079,-0.06717579547296414,0.5774196739999999,0.106191441627167,-0.5073753191746032,1
0.25755736923076494,0.018562942187500504,0.004565765552654861,0.011231129131870047,-0.4294049,-0.4740507958333333,-0.20342347,-0.8926814,1.4328152849990048e-05,10.728604360215053,2.0019796412698416,0.022369272498987007,0.9243108483809522,0.046647795146600404,-1.2765065733333334,1
0.5960623799999951,0.021342189873417475,0.005163920675627881,0.03597500400362688,0.16701314,-0.028256497500000005,0.3116008,-0.15355979,7.5585140841377635e-06,11.998596661290323,2.8492229114285714,-0.06120879804027511,0.41205470384126985,0.016963147318237174,-0.7847801455873015,1
0.21852180000000013,0.020549480000000262,0.011641066330985982,0.0026668388973921423,0.0,0.0,0.0,0.0,0.0,11.129662500000002,4.365463442857143,-0.01546836959003315,0.7006524333333333,0.04498893853703853,-1.5230521974603175,1
0.32700102499999656,0.02565474285714386,0.013205711882401541,0.006413971701990236,0.0,0.0,0.0,0.0,0.0,14.365848258064519,2.4577059330158733,-0.02473039741294561,0.6779845224126984,0.037974466930425214,-0.9989320753650793,1
0.2439790846153821,0.025202631250001224,0.005792534436581665,0.019061543370577548,0.24931991,0.14779097875,0.21709478,-0.28589278,0.679331402558155,11.611458166666663,3.5743450466666666,0.028540650141244094,0.5396140894603175,0.043648711125381934,-0.5849393566984127,1
0.2697096466666667,0.030471349206349158,0.009693433697329413,0.007849785244459291,0.55618757,-0.17740135603864737,0.47783858,-0.35823417,0.03454599417188359,11.296636360215054,0.8020819585396826,-0.014746764039502957,0.2807800708253968,0.04771684766691969,-0.2507911837142857,0
0.2969245857142858,0.022850195675675672,0.0086307980245389,0.013361464338563863,0.4258255,0.1995677246964856,0.5862223,-0.508979,0.01114049966957147,12.196463677419356,0.63093215815873,-0.008176332078488988,0.34680171752380956,0.025491789228935424,-0.5692331417777778,0
0.19540751250000055,0.023589434722222215,0.007722042209519872,0.0033207989072608817,0.38919282,0.24642252118279573,0.7551583,-0.44355652,0.015166804404204981,11.247093204301075,0.41403085057142863,-0.04047514806305343,0.2687739236190476,-0.02650234662021287,-0.6190105790793651,0
0.3060343000000003,0.02321513303571435,0.028016534474287966,0.02833719935014552,0.55328774,0.0003843107999999975,0.61004305,-0.5494117,1.3484430102853996e-05,10.79218843548387,0.8983826802539683,0.02705171562098859,0.4103949981904762,0.03257561479638563,-0.917072129111111,0
0.531591875000001,0.02366317361111123,0.008937876140836012,0.004681135498589046,0.31698513,-0.09489347313513513,0.49153125,-0.41654077,0.07428518175476026,10.5924115,0.4442300885079365,-0.047379935214368236,0.3566938939047619,0.058574590418928395,-0.6370549808253968,0
4.938199614285714,0.030797543750000544,0.002189342512436819,0.0028056694272754414,0.53016734,-0.16953158309523808,0.4260868,-0.41021293,1.957427035077787e-05,10.105634134408602,1.3854927647619046,0.00394131066056455,0.3783066428888888,0.02664970240077995,-0.38956980825396825,0
0.5746663555555563,0.02549191510791324,0.0035433443469332603,0.014959757105664278,0.5555928,-0.24457393802431612,0.44647604,-0.57894456,0.004217381147372958,13.792595779569895,1.2925038073015873,-0.005367464939921891,0.2605846934920635,0.025405556071608364,-0.5894185749523809,0
1.1500178000000005,0.017389445098038605,0.00977818593073961,0.010298241588965067,0.2716249,-0.2489400897761194,0.5121203,-0.5248487,0.06867979511908189,10.565240032258064,1.058249225809524,-0.017040672249743812,0.33574493946031747,-0.004653991813053169,-1.1299808323809524,0
0.4966800684210531,0.03242998000000019,0.009016546280747674,0.0028748234668091277,0.5527113,-0.2777671112658228,0.4065079,-0.6116578,0.03257757242571217,12.375566354838714,1.2461958165079363,0.04354329943196764,0.6142752246349206,-0.05589098081421675,-1.2522398593650794,0
0.44542950434782574,0.04032757241379267,0.004013390962931112,0.008746165930157462,0.3610225,-0.3425746277637131,0.4594407,-0.5294315,6.037146298261225e-05,11.654358295698923,1.729017628888889,-0.003270612411936308,0.17464427841269842,-0.0010805716581172846,-0.5782206384126984,0
0.4446005599999997,0.04127407297297193,0.006357738717795704,0.003247969083338955,0.5344176,-0.20467103679245285,0.5751863,-0.50142807,1.3825999961981153e-05,10.707641231182796,0.46126054298412694,0.03212629413763993,0.6016581129523808,0.001009159925452714,-0.36307787682539683,1
0.38144203529411747,0.02735291030302976,0.009839232478830806,0.005225488047570515,0.58069557,-0.1240297154511278,0.45017728,-0.43343502,0.015972908479639825,12.287032376344085,0.7753576746666667,-0.025855044366612047,0.3572092828253968,-0.01126973567433028,-0.6034471759365079,1
0.34700520909090926,0.025804248275860652,0.03408339006222716,0.03450917852799561,0.42199776,0.12813726831081076,0.71676314,-0.3521576,0.0427184302842559,11.810840408602148,0.6064107759999999,0.012216862810985942,0.4380583465396826,-0.11604281556698796,-1.0777760435238095,1
0.32660071428571563,0.02395693364485901,0.02881782049238765,0.027641674473859717,0.56203073,0.270787546013986,0.6372117,-0.42653638,0.03524334520909203,11.637482596774191,1.135507931936508,0.003146657670184938,0.32020599876190475,0.06490137761245038,-0.5338211393968254,1
0.2623557800000043,0.023038892753622992,0.011220407555744986,0.011627354920462827,0.5282572,-0.08037170129032256,0.5263344,-0.4006166,0.021587739495570874,10.781735333333334,0.8900831393333335,-0.0482322409254759,0.415004358095238,0.06502121295795685,-1.093180968095238,1
0.22664864166666376,0.022586141071428704,0.013950501676336925,0.011928510809889171,0.2256859,-0.25333655018939394,0.24391344,-0.48613888,0.0010816047186502447,10.223938876344087,1.4499873955555556,-0.04436973480611341,0.4566226683174603,0.013440740734106359,-1.13807540384127,1
0.2332208062499994,0.023548341350210986,0.004268877267022085,0.003516935024417598,0.27993745,-0.2930700214733542,0.42371434,-0.5895239,0.01620815384459245,12.698826134408602,1.2752051361904764,-0.00969438585846384,0.3028196854920635,-0.026374219283887987,-0.5386541253015873,1
0.219545637499996,0.02208071140939634,0.0061224345173762715,0.015173367643558313,0.44126728,-0.1489263075350529,0.57303554,-0.8047887,1.8274817854515287e-05,10.208117478494625,0.624376797015873,0.008340979424227544,0.5514696256507936,0.031949009330829864,-0.8081702624761905,1
0.27358757499999814,0.02274450685714287,0.008187634598468389,0.00898678891873468,0.5014268,-0.296206253984375,0.30151778,-0.5737102,0.05801068577613469,12.35007823655914,1.0577262212063492,0.02311321625020571,0.5615743456507937,-0.02879795264672503,-1.1790112974603173,1
0.2838445833333307,0.020652278048780687,0.005237989567807797,0.022465049276329984,0.35434967,-0.24957563725099602,0.45497695,-0.73640645,1.2256926708739976e-05,10.538382473118281,1.5847490952380952,0.01154926967413623,0.4374267322222223,-0.006118989043293335,-0.9450561484444445,1
0.73275446,0.022780357377049202,0.022416673397998733,0.011988863994820489,0.67667955,-0.06044995198380568,0.6261581,-0.4478373,2.8043333306902878e-06,11.489520462365592,1.1700903295238094,0.053787799008801096,0.2952541292698413,0.03299730979853363,-0.843915955968254,0
1.7456504749999997,0.018569003658536604,0.02599566560556622,0.014653726113236775,0.74326736,0.4678509755870445,0.70245,-0.32278818,0.0046327338940433315,11.43507305376344,1.4263408876190475,0.11257678311611237,0.9431309409523809,-0.006762158788541704,-1.3079539352380953,0
1.62540898,0.015359057142857317,0.00810649647255011,0.0030758837488679357,0.54434365,-0.05129606694339622,0.7958744,-0.52397895,1.3727053156251803e-05,11.132445698924732,0.8235854779999999,-0.09108245525000368,0.7752734132380953,-0.07363245353311634,-1.57329132984127,0
0.21191564000000013,0.018085653956834515,0.009975337668729418,0.0030758837488679357,0.54434365,-0.08455007108695656,0.41417399,-0.31683883,0.11196437844014559,11.250852768817206,1.4799049377777778,0.02689025456285456,1.5102338098412698,0.15124131636005556,-1.0619962161587302,0
0.26797769999999943,0.015575751829268356,0.0023335500174712113,0.0014509522368761723,0.0,0.0,0.0,0.0,0.0,11.725903758064513,1.3243290219047619,-0.07717680268767244,0.35536955949206345,-0.06641380881393989,-2.276076918095238,0
1.447804999999999,0.018912785616438308,0.027056412609102503,0.0003319681749229172,0.27017936,-0.5868080236567165,0.6964805,-0.65105367,0.0888600312997702,10.708574446236561,1.2002811174603174,-0.25185442789211504,0.18802996946031747,0.3200259163671393,-1.7998966542857142,0
0.7087695624999992,0.023284867045454447,0.07955799108892216,0.04601877098901502,0.68771863,0.07032112739574468,0.4616119,-0.22160503,0.05679127107711907,12.639129209677419,2.85668521015873,-0.00702105034305588,0.805810432,0.0492851707673532,-1.0427290115555554,0
0.9346851599999979,0.0285175260869562,0.06617754131576517,0.03266978693995047,0.3842271,-0.3376555419696969,0.50535655,-0.6217562,0.0009549412604372054,11.253765172043012,1.6420653346031746,-0.09844090105272996,0.2730256041587302,0.07058321320149459,-1.36037894984127,0
0.41506670714285576,0.031255187058823124,0.013869420013911891,0.008849019701086548,0.70071495,0.08418096467889906,0.727683,-0.6599088,0.12702097290191378,12.209698924731187,2.1681943333333336,0.12408409091697707,0.8751250955238096,-0.008471700139451671,-1.2363822158730158,0
0.5945982111111098,0.02567046161616129,0.009968187611112015,0.01940878198870883,0.7312039,0.2632315879365079,0.7097743,-0.34268597,0.09550659273805062,12.35694872580645,2.6244146644444446,0.010535998126165482,0.3613420147936508,0.08405492706895457,-1.2715084558730159,0
1.1845010666666649,0.020743641111110694,0.0057302938883292505,0.1211516017825032,0.74714357,0.030941692647058847,0.7097743,-0.5855907,0.12256290695506554,13.357484682795699,2.281293486031746,0.03270318891296915,0.7970036339682539,0.11027738051302709,-0.8685016361269842,1
1.0530586799999981,0.021780294594594175,0.0063125451325493475,0.011470953153230112,0.0,0.0,0.0,0.0,0.0,11.216535887096775,1.81895184,0.004291987285641429,1.0180696966984129,0.018622076995452427,-1.073511944031746,1
1.030059624999998,0.02663416249999928,0.011640054338190289,0.013109972371906317,0.7099103,-0.17771855287769783,-0.08951207,-0.52334404,0.0611321337926704,11.712572672043011,1.3054584234920636,0.055468055405062916,0.5695279386984127,-0.27124073804343846,-1.406053694920635,1
0.5000079,0.021056678723402972,0.03615562607909754,0.0619668256392922,0.5361141,-0.36721721265306123,0.5878315,-0.5655864,0.09901874422783069,11.157075967741937,1.614645219047619,0.037788595995382056,1.1340049476190477,0.06947227383723632,-1.151305668888889,1
0.170568099999997,0.016178396153845618,0.06077182198602614,0.032689169698400175,0.45140892,0.36972750557894735,0.5510295,-0.29523835,0.026603074707395473,11.067971,2.0001762492063495,0.08250472019547274,0.7258875781587302,-0.10974447672649992,-2.244974025714286,1
1.4793194249999964,0.023238515789473307,0.011933861544323607,0.03670812427064803,0.6381601,0.3063776996901409,0.807799,-0.3614666,0.030361728288434586,11.867964677419351,1.1551186673015872,0.03838502792307411,0.5953267427301587,0.12598154954866672,-1.7799206644444445,1
1.0070843000000025,0.037443005000000085,0.0364810490911501,0.009545497933691695,0.60217524,-0.40314424906040275,0.13616192,-0.6470412,0.02494006943982391,11.721703473118277,1.8799951323809525,0.11735657123777149,1.0732308327619047,-0.01573156369819726,-0.6287057882539683,1
4.402040899999989,0.02418305263157917,0.032108222729586466,0.03586793092009314,0.47450358,0.09804554,0.5005351,-0.44917512,0.19101144093818812,11.788599172043014,2.156370127936508,0.04723927898849993,0.957911779936508,-0.11741955925059727,-1.7581984844444447,1
0.4500070166666627,3.92307692301039e-06,0.0380475643378391,0.03586793092009314,0.8009565,0.05550145121951219,0.52324367,-0.53964543,0.07764854757540618,13.19942401612903,3.6629414073015876,0.04611027965223912,0.6405280185714285,0.06599074258489043,-1.4470454584126986,1
,0.016528524719101694,0.026688114305181122,0.04957991857276559,0.8009565,0.06146842263157896,0.70234936,-0.45902178,0.11360165478358851,12.2130194516129,3.1187683555555554,0.010758735780305033,0.7786573320634921,0.2222171041648579,-1.013358761301587,1
13.2002007,,0.004246861591079838,0.009870954610283937,0.7451461,-0.19129443787558684,0.48490018,-0.47143218,0.05549831225550326,11.335225494623655,1.8265902523809523,0.020705685370331222,0.253623021047619,0.058079533484916596,-0.33575909063492065,0
19.600296899999996,0.0,0.0047010942336880995,0.006316406159027687,0.53298426,-0.02122830986666667,0.68570894,-0.42732823,0.0012608443917848202,11.825923989247315,0.9863207043809523,-0.03665282475321504,0.2793202666984127,0.02081328824557246,-0.33188848466666665,0
5.1000722,0.0,0.012190876125703198,0.013143581104809713,0.4813578,0.48796431436893206,0.8431487,-0.30620232,0.018854491450737535,11.453101172043013,0.7093030314603174,-0.040219649525041964,0.28544324580952385,0.00693528726191116,-0.7723359822222222,0
3.150047849999993,0.0,0.015557269764235635,0.01514202791708022,0.5382511,0.05365852344554456,0.76214707,-0.73882663,4.091615696586163e-06,10.37642722580645,0.7284865642857142,0.00295462552480397,0.3033004720952381,0.08562360569278678,-0.32476345098412696,0
3.2500488499999918,,0.014112536820777444,0.008223331131532478,0.528713,0.11449784320512817,0.71356744,-0.85762465,1.5417861934637987e-05,11.220020182795698,1.8270599161904761,-0.07693747345940452,0.5027949109206348,0.06608702809097176,-0.3456612879047619,0
15.500230200000018,0.0,0.009332042329062415,0.013956024618962799,0.71940887,0.03442192627771295,0.81086415,-0.7825391,9.599033519860628e-06,10.374643838709677,1.0883393739682539,0.0400472350356057,0.6497617241269842,0.05919628981747628,-0.6934015898412698,0
12.500188899999984,0.0,0.0046000013715517514,0.0006019834615601426,0.5646734,0.044373636465816886,0.8270241,-0.9244143,1.0117398147657703e-05,11.682326102150538,1.4108273038095238,-0.026885080787941367,0.5372032094920636,0.041761092762281675,-0.8584921576507937,0
9.600129400000014,,0.007936779725927193,0.00015046119480426181,0.46711135,-0.17530050625809598,0.80082077,-0.7938735,0.0005341563271490384,11.139591301075267,1.372989293968254,-0.05208396390911282,1.0783142061269841,0.07651985152632033,-1.1856271193650794,0
14.20021299999999,,0.0037123624620293413,0.00822210810174483,0.4803444,0.10782104757500001,0.7910894,-0.7459633,0.09302885957900224,11.930077505376342,1.8241581965079365,-0.012982816569075939,0.324732908031746,0.05130734778143482,-0.8095828155238095,0
14.9002203,,0.008076319733210536,0.005397925731424049,0.22096236,0.07449482076650943,0.8060645,-0.73792756,6.346011652466204e-06,10.889525602150538,1.5951001460317458,0.03232536542778948,0.2996451315238095,0.04876377537061111,-0.2865782612063492,0
1.480022079999992,0.0,0.008394842562311844,0.002359677188127954,0.5254384,-0.18281336624803768,0.08114373,-0.61741644,0.005712241083832827,10.952042344086022,1.3497115885714288,0.03969586791082797,0.3270297994285714,0.07171781752718634,-0.320169707015873,1
7.7001147,0.0,0.007920229933163938,0.005257453701560699,0.60529524,-0.14761068000000002,0.36401013,-0.32154348,2.8881717889695288e-05,10.871010322580645,0.8458740236825395,-0.04158830362298434,0.5775812968253968,-0.000671227200108329,-0.39240332993650795,1
4.533424999999984,0.0,0.0019632647194614537,0.0021030093214128957,0.5948474,0.6102436632909605,0.7781691,-0.07654423,0.009832863035420516,11.728750763440862,5.509863933015873,-0.04001554251869698,0.9045831337142859,0.03508607643055223,-1.5083563463492062,1
4.300064649999996,0.0,0.007298292423081776,0.005100740320821773,0.603482,0.4139413727254902,0.8408108,-0.8185582,5.027159936736778e-06,10.472184747311825,0.8910461303492063,0.05443471729518315,1.1326863914285714,0.11333512036712354,-0.47412332095238097,1
5.00007475000001,0.0,0.0060193835561243485,0.006290023247319528,0.7631711,-0.2873387,-0.2873387,-0.2873387,,10.888774446236559,0.5664321186349207,-0.0801071052575557,0.27810214647619047,0.051809739419122446,-0.4326963857460317,1
4.703871550000002,0.02240484583333095,0.003483525717939211,0.0014664588051070643,0.43372503,0.09739180207077326,0.7755957,-0.71149975,3.1694778915553807e-06,11.49749541935484,3.254962738412698,0.00509353735356081,0.9436603466984126,0.031871739297554054,-1.7311024606349206,1
0.33054451111110617,0.027424703636363987,0.0027834580297456655,0.0051628041712882,0.47180432,-0.13256148620522748,0.8937168,-0.83165723,6.413890901716292e-06,11.343190774193546,3.8676271752380953,-0.012980149467312038,0.5804876564444444,0.030852140678770727,-1.1133344914285714,1
0.3395672416666571,0.028361088554215125,0.0012519911373280726,0.0012345045035690202,0.48035598,-0.08426848140718564,0.5775864,-0.61294323,0.01251425111459173,10.724835424731184,1.2381153320634921,-0.0005677167136767274,0.3179580698412699,0.047687215847016844,-1.0576287556825397,1
0.256156528571438,0.023718121328671543,0.0042166649397755865,0.0035592721443095956,0.5139306,0.11227631947368415,0.88480306,-0.8686819,1.3311479653810516e-05,10.727957731182796,1.3341395961904763,-0.006385833566176908,0.3855223155238095,0.034248686644256045,-0.6343754565079365,1
0.24612706190475006,0.02014613815789221,0.00411596202824281,0.0100581342995182,0.22297756,0.04067994990343347,0.8777899,-0.77487415,9.134153947030424e-06,11.996804344086021,3.6235279371428577,0.01439574631200127,0.7551457133650794,0.023707994885694514,-1.4927348707936507,1
0.3483088899999996,0.027137352173913096,0.014237484580770713,0.0013578920088090501,0.49718297,-0.24048999720379147,0.6298266,-0.603677,0.05293938297616599,12.22972077419355,0.9218365462539683,0.023390218849892515,0.6033276104444445,-0.1386600778184922,-2.4136864523809525,0
0.307508,0.024651684259259253,0.009899710582593728,0.01944936534749815,0.71315557,-0.1844079302890173,0.67302936,-0.71056616,0.0,11.864740451612903,0.5662191584761904,-0.012885240262961369,0.9206415297777778,-0.05119917661898076,-0.7423200946666667,0
0.26511154285714333,0.021529096521739146,0.004680079753429299,0.005930155911918454,0.37516063,0.3351088725555556,0.75536335,-0.47867012,0.015343247259333772,12.372535172043014,1.409575734920635,0.05358673488971195,0.9650599646031744,0.008852608003663037,-1.266923391111111,0
0.20157212000000052,0.02092568489583334,0.015133544257843544,0.012878888183781623,0.4662506,-0.4381965273737373,0.5780455,-0.6586938,3.101900146147949e-05,11.331775951612904,1.5528335825396826,0.005991796508238625,0.7321798557777779,0.07489502141764734,-1.282435898095238,0
0.22222460000000055,0.016256233333333345,0.03131668614074924,0.015978242733393315,0.6573303,-0.5253454079787233,-0.17524664,-0.77622503,0.030054633097670157,11.320168209677417,1.4476264577777778,-0.022219109132179258,0.5408539079682539,-0.08100251125724266,-2.0834076873015874,0
0.24964552500000003,0.021830783333333277,0.012643909739977562,0.011338712021961102,0.5150688,-0.6091124899009901,-0.15181103,-0.8728953,0.007684614920529698,11.423095430107526,1.365955011746032,0.007821646924472422,0.5194275816825397,0.10364251284972659,-1.2001275755555556,0
0.2674909100000001,0.023104343925233542,0.005397278802705622,0.008530685269770922,0.2657639,-0.1024089827833002,0.8208499,-0.8728953,2.122810557547085e-05,11.506439263440859,2.910880819047619,0.02401963433107703,0.5194275816825397,-0.0087105538176838,-0.7216420192380952,0
0.1705223000000018,0.02381638690476217,0.026507565332158943,0.022901105239121415,0.4616718,-0.0026047788764044975,0.7010745,-0.4966174,0.10875282967343308,11.854490811827953,0.8562609010476191,-0.006337507772084153,0.24205145669841274,-0.15670891114196325,-2.4533694723809525,0
0.3888725500000021,0.02418113249999987,0.009376785879417865,0.02445864996651519,0.4030403,-0.5158377326573426,0.6319587,-0.77819985,0.11590299849225655,11.596741139784946,0.9069983430158731,-0.000492328507194675,0.4714885521904762,0.10531012098134489,-0.4898840431746031,0
0.5772797999999995,0.02099481839080438,0.011013814601516972,0.015078158244331199,0.5555592,-0.28621114125,0.6794424,-0.75217503,0.042509311158818924,11.915348311827957,1.3553049323809525,0.03596760210176316,1.0050516454603173,0.04825027437020794,-1.137431257936508,0
5.218185599999998,0.021953750413223314,0.00560818559942068,0.02862030869797252,0.86462814,0.2438663697582857,0.74098396,-0.43047038,0.08212846807224794,11.651665494623657,1.1900912063492064,0.03910263249862586,0.720812777904762,-0.008275760221192125,-1.9767920015873017,1
5.218185599999998,0.028695709803921644,0.017362124575461678,0.04209672172991063,0.7531204,-0.12209401420353982,0.6622614,-0.67106295,1.566470813840848e-05,11.34118255376344,1.1466602119365081,-0.017331871934254894,0.9717681284761904,0.060666120462927714,-0.4588365385079365,1
0.7539566666666673,0.028208059090910096,0.016569863920671283,0.027508093988121565,0.12596142,-0.14484531120536723,0.5720039,-0.4142389,0.05091184237277871,11.290433215053762,1.1264340520634921,-0.012492736287338203,0.635207338,-0.023450523315332504,-1.6088227473015873,1
2.2010150999999993,0.02049660156249944,0.062430440315531376,0.1350924860444479,0.44550082,-0.06235557084745763,0.21057323,-0.6964347,0.14944802352521108,11.172946962365591,0.7638221835555555,-0.06075795296753193,0.4822683747936508,0.03865689355524524,-0.9064671107936509,1
0.3000045,0.02848729655172402,0.019349230022934868,0.04789186234887951,0.24212481,-0.5079999813829785,-0.18599781,-0.73027045,0.1255449004605301,11.666199220430105,1.1804999117460317,-0.08678997757601604,0.7975096659682538,0.08863291396793431,-0.6662471508253968,1
0.3513912333333334,0.02481313519999995,0.004215721612178699,0.0035943317482907203,0.3266721,0.06879642937853109,0.69012547,-0.5268525,0.009698226862486009,10.639741602150538,1.5895899187301588,-0.00903122355509121,0.35162100114285716,0.036525303479255,-0.5646575422539682,0
0.4187254071428571,0.025974457522123885,0.01410879666166768,0.008078330664984767,0.49846512,-0.08951904433874709,0.6595567,-0.5213195,0.014820055012180481,10.710727559139785,0.7687063428888888,-0.023222920242740714,0.7135766728888889,0.008236147022834183,-0.750016424063492,0
0.4439331181818181,0.02716424161073827,0.018069584695067843,0.022780354730374104,0.6350043,0.16721895961424332,0.719441,-0.58883256,0.05167547563822427,11.351753607526883,0.5015190715555555,-0.03833735181483654,0.3418547046666667,-0.054613027370811876,-0.6396810873015872,0
0.5532836499999997,0.02427069500000009,0.0037649321114244204,0.014292254494826516,0.53932184,-0.06739224552486188,0.6664133,-0.63021475,0.025196905943743467,10.317718516129032,0.7056102300000001,0.019387713527998278,0.29097603114285714,0.05076838423753634,-0.23156709784126983,0
0.7140662499999992,0.02994105483870977,0.0063669432767157925,0.006503126086478984,0.40809554,-0.20319678643750003,0.7582054,-0.5867995,0.05117574399000156,11.097724096774195,1.1727756234920634,-0.08559515060348422,0.42204055377777777,0.08010094225522675,-0.48044383311111116,0
0.8361995307692296,0.028076981818181822,0.0025365482675292535,0.0032787721847082627,0.61260664,-0.1895051110733404,0.28941253,-0.6262837,0.013828867371261957,10.426149612903226,1.103459518888889,0.0016811166263091969,0.5586958827301587,0.015070949427028435,-0.7900923710158729,0
1.276468483333333,0.02488071590909077,0.002552248728629367,0.01738221866944035,0.5190552,-0.1900386444848485,0.6817218,-0.63886297,0.0038362589341154204,12.051960618279569,1.5854509406349206,-0.040074378288411205,0.3693217022222222,0.008842825196861968,-0.8420445928571428,0
0.5287526500000003,0.023580046153845877,0.00340671990354303,0.0032101609573558557,0.4530351,0.13657574118902438,0.7738601,-0.6353548,0.02224720039209958,10.702251854838709,1.6436471060317464,0.01396594183994654,0.5662003601587301,0.008484410456473242,-1.1999337995238095,0
0.35538442500000134,-0.008914003370786154,0.0014832716229549428,0.0023396289696801277,0.4869497,-0.22074281574825175,0.63402945,-0.63219213,0.004970898757036815,11.869877306451611,1.2797730923809523,0.0014024357824007994,0.3674454664761905,0.04118827618701531,-1.036339418095238,0
0.35292959090909126,0.020647786885246256,0.0014832716229549428,0.0023396289696801277,0.4869497,-0.25304168756756756,0.63402945,-0.63219213,0.004970898757036815,11.869877306451611,1.2654159946031744,-0.005814015534923366,0.3674454664761905,0.04229524060818845,-1.036339418095238,0
3.754956166666664,0.06666676666666642,0.008408546331290399,0.006291963198768003,0.7438466,-0.20254795469512196,0.4302746,-0.538899,0.04341451600865801,11.073157623655913,0.7664694318412698,0.027340215281290003,0.26954336812698415,-0.0017580354159093619,-0.5702092864761905,1
0.8530155583333325,0.03157991176470469,0.00059182929847335,0.001207874185202796,0.612271,0.011286606973105125,0.7405566,-0.39750662,0.005804222747377873,11.894839801075268,0.8435594658730158,-0.02434103512654405,0.2724015788888889,-0.005433654356140578,-0.767401506,1
0.6840975666666699,0.03273803333333227,0.008735780661080465,0.03162422878929754,0.2830074,0.05235546861313869,0.69986004,-0.43569386,0.03684537141634185,10.917052720430107,0.5759303419365079,-0.01785536693948647,0.41108986812698417,-0.04171410101932403,-1.337551753015873,1
0.5463399333333285,0.02841179000000125,0.012244117770744765,0.019113211675286134,0.63818526,0.024186284039735106,0.7104205,-0.45820415,1.3284321181489411e-05,11.435832462365592,0.9960350762539681,0.02405221347293816,0.413316992952381,0.037200783095249386,-0.9005923917460318,1
0.6875103124999988,0.03333382222221973,0.006978027644022601,0.012125639935446688,0.39188585,-0.039005799858156005,0.66870487,-0.66987026,0.03529574379428506,11.719947913978498,1.9147898400000003,-0.07014310512528016,0.7379920248571429,0.07809615703338307,-1.215454674920635,1
1.0680983571428524,0.025239703750001397,0.0014574718915284638,0.003543612096511932,0.17995211,-0.15023305075250837,0.7089783,-0.6781216,0.0045998728952173105,11.327333688172043,0.8480225895238095,0.007302950791730303,0.4795768907936508,0.02531489653145879,-0.6155085560634921,1
1.0141956999999986,0.027220653956836198,0.0009555091618838679,0.0009992655543352737,0.44804195,-0.12494870799616427,0.7648436,-0.7471366,0.003963567420836533,11.464623537634408,1.0604788495238093,-0.0024039849106703187,0.6154119552698413,-0.0053453341943287755,-0.8513162805396826,1
3.404692049999994,0.04150306000000796,0.012668801769927698,0.007632456600688845,0.5546726,0.25150984922499997,0.6980257,-0.6656444,0.03218238628798595,10.458293333333334,1.8804528044444446,-0.0050632532562447955,0.548093325047619,-0.017713494883933718,-1.2910926584126985,1
0.5560630526315794,0.03439884745762934,0.003522085525659511,0.0013885476648862482,0.4925186,-0.1467259588573725,0.94705003,-0.97327924,2.2779041346580124e-05,11.535926779569893,1.217449794920635,0.014818233238841249,0.5263117261269841,-0.0109997782505176,-1.197851777142857,1
0.8631805333333347,0.029155643749996685,0.02042937868368996,0.06721667955908187,0.4329177,-0.23251475353191495,0.78225076,-0.72603095,0.07193368177521442,12.22011024731183,1.2216784276190475,0.025306052364847547,0.5434444370793651,-0.008863161125542324,-1.8201493736507934,1
